Importance,Feature Name
57.10502626213088,color_number
26.68082000882905,face_detection
7.78254947212465,b_key_count
6.520502512883451,url_detect
1.9111017440320086,i_key_count
